date,year,month,bidding_no,vehicle_class,quota,bids_success,bids_received,premium
2021-01-01,2021,1,1,Category A,963,962,1280,40609
2021-01-01,2021,1,1,Category B,1023,1021,1396,49001
2021-01-01,2021,1,1,Category C,372,352,679,35900
2021-01-01,2021,1,1,Category D,529,498,692,7501
2021-01-01,2021,1,1,Category E,467,463,758,49489
2021-01-01,2021,1,2,Category A,966,946,1309,43501
2021-01-01,2021,1,2,Category B,1018,1018,1338,50100
2021-01-01,2021,1,2,Category C,381,378,671,40999
2021-01-01,2021,1,2,Category D,548,535,706,7589
2021-01-01,2021,1,2,Category E,466,458,705,51900
2021-02-01,2021,2,1,Category A,885,881,1098,42000
2021-02-01,2021,2,1,Category B,943,943,1107,46790
2021-02-01,2021,2,1,Category C,276,276,510,45001
2021-02-01,2021,2,1,Category D,572,572,705,7506
2021-02-01,2021,2,1,Category E,300,300,435,49778
2021-02-01,2021,2,2,Category A,903,900,1226,41001
2021-02-01,2021,2,2,Category B,942,938,1168,46002
2021-02-01,2021,2,2,Category C,259,223,424,40890
2021-02-01,2021,2,2,Category D,554,554,715,7500
2021-02-01,2021,2,2,Category E,304,302,503,47506
2021-03-01,2021,3,1,Category A,887,887,1175,41996
2021-03-01,2021,3,1,Category B,942,926,1121,45001
2021-03-01,2021,3,1,Category C,255,248,480,37513
2021-03-01,2021,3,1,Category D,542,524,707,7752
2021-03-01,2021,3,1,Category E,296,296,450,47001
2021-03-01,2021,3,2,Category A,886,879,1186,44589
2021-03-01,2021,3,2,Category B,946,932,1222,47001
2021-03-01,2021,3,2,Category C,292,286,507,39589
2021-03-01,2021,3,2,Category D,542,538,700,7791
2021-03-01,2021,3,2,Category E,298,291,430,47806
2021-04-01,2021,4,1,Category A,883,880,1212,45600
2021-04-01,2021,4,1,Category B,958,949,1524,52309
2021-04-01,2021,4,1,Category C,263,263,488,36134
2021-04-01,2021,4,1,Category D,560,524,735,8000
2021-04-01,2021,4,1,Category E,296,286,635,52200
2021-04-01,2021,4,2,Category A,890,883,1290,49640
2021-04-01,2021,4,2,Category B,956,949,1585,61190
2021-04-01,2021,4,2,Category C,262,256,441,44001
2021-04-01,2021,4,2,Category D,546,532,734,8000
2021-04-01,2021,4,2,Category E,303,295,633,62100
2021-05-01,2021,5,1,Category A,832,803,1100,48002
2021-05-01,2021,5,1,Category B,819,813,1244,60001
2021-05-01,2021,5,1,Category C,157,119,261,43001
2021-05-01,2021,5,1,Category D,650,639,901,8011
2021-05-01,2021,5,1,Category E,268,268,387,63002
2021-05-01,2021,5,2,Category A,835,834,1209,41801
2021-05-01,2021,5,2,Category B,817,817,1089,58089
2021-05-01,2021,5,2,Category C,164,83,315,41701
2021-05-01,2021,5,2,Category D,628,625,904,8701
2021-05-01,2021,5,2,Category E,266,260,400,62000
2021-06-01,2021,6,1,Category A,858,820,1439,48510
2021-06-01,2021,6,1,Category B,815,784,1107,60109
2021-06-01,2021,6,1,Category C,195,190,413,37002
2021-06-01,2021,6,1,Category D,626,624,776,8703
2021-06-01,2021,6,1,Category E,259,259,331,61112
2021-06-01,2021,6,2,Category A,830,823,1178,47821
2021-06-01,2021,6,2,Category B,809,799,983,56032
2021-06-01,2021,6,2,Category C,238,229,478,37000
2021-06-01,2021,6,2,Category D,618,577,864,8501
2021-06-01,2021,6,2,Category E,265,257,519,58001
2021-07-01,2021,7,1,Category A,867,864,1149,45001
2021-07-01,2021,7,1,Category B,840,840,1087,56100
2021-07-01,2021,7,1,Category C,162,159,340,38900
2021-07-01,2021,7,1,Category D,616,612,760,8502
2021-07-01,2021,7,1,Category E,259,257,416,57700
2021-07-01,2021,7,2,Category A,836,832,1240,47010
2021-07-01,2021,7,2,Category B,819,796,1107,59501
2021-07-01,2021,7,2,Category C,166,163,337,39523
2021-07-01,2021,7,2,Category D,655,649,863,8689
2021-07-01,2021,7,2,Category E,267,266,408,60001
2021-08-01,2021,8,1,Category A,805,804,1021,45189
2021-08-01,2021,8,1,Category B,771,751,980,56001
2021-08-01,2021,8,1,Category C,118,111,233,42589
2021-08-01,2021,8,1,Category D,449,449,667,8899
2021-08-01,2021,8,1,Category E,199,190,288,59599
2021-08-01,2021,8,2,Category A,806,806,1127,46689
2021-08-01,2021,8,2,Category B,794,793,1065,61001
2021-08-01,2021,8,2,Category C,118,113,220,40010
2021-08-01,2021,8,2,Category D,451,447,635,9500
2021-08-01,2021,8,2,Category E,198,197,408,64901
2021-09-01,2021,9,1,Category A,804,790,1124,47000
2021-09-01,2021,9,1,Category B,791,788,1080,62600
2021-09-01,2021,9,1,Category C,122,113,211,40001
2021-09-01,2021,9,1,Category D,445,445,562,9689
2021-09-01,2021,9,1,Category E,206,190,319,64700
2021-09-01,2021,9,2,Category A,803,795,1040,48000
2021-09-01,2021,9,2,Category B,772,768,1189,68310
2021-09-01,2021,9,2,Category C,120,110,203,39000
2021-09-01,2021,9,2,Category D,449,443,658,9089
2021-09-01,2021,9,2,Category E,198,186,400,70002
2021-10-01,2021,10,1,Category A,816,812,1077,47001
2021-10-01,2021,10,1,Category B,774,774,1130,70200
2021-10-01,2021,10,1,Category C,125,123,233,38890
2021-10-01,2021,10,1,Category D,444,438,633,9052
2021-10-01,2021,10,1,Category E,214,200,442,72756
2021-10-01,2021,10,2,Category A,811,806,1304,52709
2021-10-01,2021,10,2,Category B,774,767,1240,80210
2021-10-01,2021,10,2,Category C,126,125,252,40501
2021-10-01,2021,10,2,Category D,450,449,597,9310
2021-10-01,2021,10,2,Category E,210,191,391,85000
2021-11-01,2021,11,1,Category A,536,531,834,53709
2021-11-01,2021,11,1,Category B,587,581,839,82801
2021-11-01,2021,11,1,Category C,92,89,173,42001
2021-11-01,2021,11,1,Category D,417,409,543,9381
2021-11-01,2021,11,1,Category E,159,155,257,88000
2021-11-01,2021,11,2,Category A,537,535,706,55001
2021-11-01,2021,11,2,Category B,594,585,797,79601
2021-11-01,2021,11,2,Category C,91,91,164,43502
2021-11-01,2021,11,2,Category D,412,397,557,9381
2021-11-01,2021,11,2,Category E,164,133,253,86001
2021-12-01,2021,12,1,Category A,536,525,771,57010
2021-12-01,2021,12,1,Category B,593,593,822,80401
2021-12-01,2021,12,1,Category C,93,93,147,45000
2021-12-01,2021,12,1,Category D,420,400,584,9401
2021-12-01,2021,12,1,Category E,149,145,245,85000
2021-12-01,2021,12,2,Category A,534,534,740,58801
2021-12-01,2021,12,2,Category B,595,590,829,80989
2021-12-01,2021,12,2,Category C,90,89,150,44000
2021-12-01,2021,12,2,Category D,426,422,562,9601
2021-12-01,2021,12,2,Category E,177,177,241,83889
2022-01-01,2022,1,1,Category A,543,533,760,57599
2022-01-01,2022,1,1,Category B,587,586,712,77700
2022-01-01,2022,1,1,Category C,90,87,198,42200
2022-01-01,2022,1,1,Category D,431,429,573,9689
2022-01-01,2022,1,1,Category E,149,149,193,82501
2022-01-01,2022,1,2,Category A,531,526,711,57898
2022-01-01,2022,1,2,Category B,592,583,907,82001
2022-01-01,2022,1,2,Category C,91,91,149,43001
2022-01-01,2022,1,2,Category D,416,401,520,10000
2022-01-01,2022,1,2,Category E,145,145,226,83911
2022-02-01,2022,2,1,Category A,542,542,819,60761
2022-02-01,2022,2,1,Category B,550,549,865,86102
2022-02-01,2022,2,1,Category C,80,80,149,44001
2022-02-01,2022,2,1,Category D,406,405,555,10010
2022-02-01,2022,2,1,Category E,180,171,269,87000
2022-02-01,2022,2,2,Category A,536,524,876,63000
2022-02-01,2022,2,2,Category B,559,554,939,93590
2022-02-01,2022,2,2,Category C,76,61,194,46501
2022-02-01,2022,2,2,Category D,420,416,521,10589
2022-02-01,2022,2,2,Category E,180,180,300,93102
2022-03-01,2022,3,1,Category A,531,526,962,68501
2022-03-01,2022,3,1,Category B,551,551,860,94889
2022-03-01,2022,3,1,Category C,76,67,199,48889
2022-03-01,2022,3,1,Category D,405,403,602,11400
2022-03-01,2022,3,1,Category E,190,190,318,98890
2022-03-01,2022,3,2,Category A,543,542,849,71556
2022-03-01,2022,3,2,Category B,555,545,824,98889
2022-03-01,2022,3,2,Category C,91,91,166,51504
2022-03-01,2022,3,2,Category D,409,409,575,10501
2022-03-01,2022,3,2,Category E,180,177,344,99010
2022-04-01,2022,4,1,Category A,536,536,723,72996
2022-04-01,2022,4,1,Category B,550,550,708,98389
2022-04-01,2022,4,1,Category C,85,84,210,54901
2022-04-01,2022,4,1,Category D,407,405,561,10503
2022-04-01,2022,4,1,Category E,180,174,290,99999
2022-04-01,2022,4,2,Category A,532,519,744,68699
2022-04-01,2022,4,2,Category B,560,559,687,90002
2022-04-01,2022,4,2,Category C,76,76,181,52002
2022-04-01,2022,4,2,Category D,404,355,539,9801
2022-04-01,2022,4,2,Category E,184,182,295,95801
2022-05-01,2022,5,1,Category A,612,612,804,70901
2022-05-01,2022,5,1,Category B,527,526,699,92090
2022-05-01,2022,5,1,Category C,104,100,184,50890
2022-05-01,2022,5,1,Category D,563,560,773,9489
2022-05-01,2022,5,1,Category E,195,195,283,91112
2022-05-01,2022,5,2,Category A,625,623,819,68001
2022-05-01,2022,5,2,Category B,528,523,709,95889
2022-05-01,2022,5,2,Category C,103,103,220,51501
2022-05-01,2022,5,2,Category D,609,600,899,9490
2022-05-01,2022,5,2,Category E,191,187,309,95901
2022-06-01,2022,6,1,Category A,612,607,874,73801
2022-06-01,2022,6,1,Category B,528,528,851,100684
2022-06-01,2022,6,1,Category C,107,107,203,53002
2022-06-01,2022,6,1,Category D,563,542,859,10000
2022-06-01,2022,6,1,Category E,190,185,316,100697
2022-06-01,2022,6,2,Category A,614,598,850,74989
2022-06-01,2022,6,2,Category B,531,531,822,106001
2022-06-01,2022,6,2,Category C,103,103,224,53011
2022-06-01,2022,6,2,Category D,570,570,717,10302
2022-06-01,2022,6,2,Category E,194,190,276,104400
2022-07-01,2022,7,1,Category A,617,606,900,78001
2022-07-01,2022,7,1,Category B,527,522,695,107800
2022-07-01,2022,7,1,Category C,102,91,160,54001
2022-07-01,2022,7,1,Category D,582,513,768,10889
2022-07-01,2022,7,1,Category E,195,191,340,110524
2022-07-01,2022,7,2,Category A,628,620,834,78899
2022-07-01,2022,7,2,Category B,527,526,702,110003
2022-07-01,2022,7,2,Category C,102,98,174,54889
2022-07-01,2022,7,2,Category D,561,555,723,10910
2022-07-01,2022,7,2,Category E,194,194,317,114001
2022-08-01,2022,8,1,Category A,554,541,689,80000
2022-08-01,2022,8,1,Category B,474,474,612,107001
2022-08-01,2022,8,1,Category C,95,93,168,56089
2022-08-01,2022,8,1,Category D,573,562,696,11000
2022-08-01,2022,8,1,Category E,167,165,293,113000
2022-08-01,2022,8,2,Category A,551,551,835,87889
2022-08-01,2022,8,2,Category B,471,470,665,112001
2022-08-01,2022,8,2,Category C,87,87,196,59090
2022-08-01,2022,8,2,Category D,510,502,673,11101
2022-08-01,2022,8,2,Category E,163,151,273,112001
2022-09-01,2022,9,1,Category A,556,535,723,86000
2022-09-01,2022,9,1,Category B,470,466,627,113000
2022-09-01,2022,9,1,Category C,85,84,179,64989
2022-09-01,2022,9,1,Category D,515,514,588,11301
2022-09-01,2022,9,1,Category E,165,150,260,113299
2022-09-01,2022,9,2,Category A,543,527,759,84000
2022-09-01,2022,9,2,Category B,471,471,553,108051
2022-09-01,2022,9,2,Category C,83,75,157,67001
2022-09-01,2022,9,2,Category D,512,500,658,11589
2022-09-01,2022,9,2,Category E,176,176,297,107201
2022-10-01,2022,10,1,Category A,564,561,724,80501
2022-10-01,2022,10,1,Category B,474,472,635,95856
2022-10-01,2022,10,1,Category C,84,83,148,65991
2022-10-01,2022,10,1,Category D,505,504,624,11751
2022-10-01,2022,10,1,Category E,179,179,232,105001
2022-10-01,2022,10,2,Category A,559,558,714,81089
2022-10-01,2022,10,2,Category B,470,463,848,110000
2022-10-01,2022,10,2,Category C,91,86,297,70201
2022-10-01,2022,10,2,Category D,516,511,632,12801
2022-10-01,2022,10,2,Category E,164,160,285,108003
2022-11-01,2022,11,1,Category A,460,460,687,87235
2022-11-01,2022,11,1,Category B,411,393,640,115388
2022-11-01,2022,11,1,Category C,70,69,147,76302
2022-11-01,2022,11,1,Category D,441,440,537,13189
2022-11-01,2022,11,1,Category E,146,143,283,116577
2022-11-01,2022,11,2,Category A,459,444,622,90589
2022-11-01,2022,11,2,Category B,416,416,568,113881
2022-11-01,2022,11,2,Category C,73,73,122,81802
2022-11-01,2022,11,2,Category D,445,420,594,12589
2022-11-01,2022,11,2,Category E,150,149,242,114009
2022-12-01,2022,12,1,Category A,458,454,616,88503
2022-12-01,2022,12,1,Category B,427,426,568,105501
2022-12-01,2022,12,1,Category C,69,68,118,81501
2022-12-01,2022,12,1,Category D,441,437,544,12100
2022-12-01,2022,12,1,Category E,149,148,266,110524
2022-12-01,2022,12,2,Category A,473,472,618,88007
2022-12-01,2022,12,2,Category B,409,409,564,108006
2022-12-01,2022,12,2,Category C,69,60,147,78200
2022-12-01,2022,12,2,Category D,465,461,647,11690
2022-12-01,2022,12,2,Category E,146,143,273,109600
2023-01-01,2023,1,1,Category A,462,459,649,80000
2023-01-01,2023,1,1,Category B,410,410,487,102002
2023-01-01,2023,1,1,Category C,70,70,183,77301
2023-01-01,2023,1,1,Category D,445,432,678,10890
2023-01-01,2023,1,1,Category E,146,146,285,107889
2023-01-01,2023,1,2,Category A,459,456,627,86000
2023-01-01,2023,1,2,Category B,408,402,514,105459
2023-01-01,2023,1,2,Category C,78,74,182,77109
2023-01-01,2023,1,2,Category D,445,431,572,11101
2023-01-01,2023,1,2,Category E,149,147,248,107000
2023-02-01,2023,2,1,Category A,509,497,663,86000
2023-02-01,2023,2,1,Category B,430,430,580,105524
2023-02-01,2023,2,1,Category C,44,44,108,85119
2023-02-01,2023,2,1,Category D,477,475,594,11602
2023-02-01,2023,2,1,Category E,129,126,229,105002
2023-02-01,2023,2,2,Category A,508,504,702,86556
2023-02-01,2023,2,2,Category B,436,401,768,115001
2023-02-01,2023,2,2,Category C,47,40,136,87790
2023-02-01,2023,2,2,Category D,479,453,611,12189
2023-02-01,2023,2,2,Category E,132,129,274,118001
2023-03-01,2023,3,1,Category A,517,507,665,88000
2023-03-01,2023,3,1,Category B,431,431,629,115501
2023-03-01,2023,3,1,Category C,43,39,65,91101
2023-03-01,2023,3,1,Category D,467,465,566,12390
2023-03-01,2023,3,1,Category E,132,128,254,116000
2023-03-01,2023,3,2,Category A,510,508,768,93503
2023-03-01,2023,3,2,Category B,466,466,670,116201
2023-03-01,2023,3,2,Category C,50,42,107,85389
2023-03-01,2023,3,2,Category D,490,490,616,12001
2023-03-01,2023,3,2,Category E,132,125,265,116020
2023-04-01,2023,4,1,Category A,515,508,749,96501
2023-04-01,2023,4,1,Category B,430,414,566,118501
2023-04-01,2023,4,1,Category C,47,47,103,76801
2023-04-01,2023,4,1,Category D,466,454,529,12001
2023-04-01,2023,4,1,Category E,134,133,252,118990
2023-04-01,2023,4,2,Category A,507,489,750,103721
2023-04-01,2023,4,2,Category B,430,403,553,120889
2023-04-01,2023,4,2,Category C,51,47,116,75334
2023-04-01,2023,4,2,Category D,465,436,510,12179
2023-04-01,2023,4,2,Category E,137,136,252,124501
2023-05-01,2023,5,1,Category A,474,472,663,101001
2023-05-01,2023,5,1,Category B,410,410,513,119399
2023-05-01,2023,5,1,Category C,68,68,109,75589
2023-05-01,2023,5,1,Category D,554,542,670,5002
2023-05-01,2023,5,1,Category E,125,125,271,124002
2023-05-01,2023,5,2,Category A,596,588,936,92000
2023-05-01,2023,5,2,Category B,480,480,713,113034
2023-05-01,2023,5,2,Category C,72,70,148,77501
2023-05-01,2023,5,2,Category D,571,562,"1,438",10602
2023-05-01,2023,5,2,Category E,125,104,301,125000
2023-06-01,2023,6,1,Category A,581,571,881,98001
2023-06-01,2023,6,1,Category B,454,437,719,120702
2023-06-01,2023,6,1,Category C,68,60,151,81801
2023-06-01,2023,6,1,Category D,555,519,972,11001
2023-06-01,2023,6,1,Category E,124,118,280,120889
2023-06-01,2023,6,2,Category A,586,583,751,96206
2023-06-01,2023,6,2,Category B,454,446,622,121000
2023-06-01,2023,6,2,Category C,71,71,178,83140
2023-06-01,2023,6,2,Category D,551,543,796,10709
2023-06-01,2023,6,2,Category E,145,140,312,123000
2023-07-01,2023,7,1,Category A,588,587,756,97000
2023-07-01,2023,7,1,Category B,471,470,594,118002
2023-07-01,2023,7,1,Category C,77,69,147,82223
2023-07-01,2023,7,1,Category D,579,550,846,10090
2023-07-01,2023,7,1,Category E,130,119,217,121000
2023-07-01,2023,7,2,Category A,581,576,728,95202
2023-07-01,2023,7,2,Category B,462,453,602,118001
2023-07-01,2023,7,2,Category C,69,69,133,82001
2023-07-01,2023,7,2,Category D,551,550,840,10501
2023-07-01,2023,7,2,Category E,129,128,243,122110
2023-08-01,2023,8,1,Category A,632,618,949,99499
2023-08-01,2023,8,1,Category B,470,469,853,126889
2023-08-01,2023,8,1,Category C,122,121,222,82100
2023-08-01,2023,8,1,Category D,522,443,759,11501
2023-08-01,2023,8,1,Category E,140,140,237,126201
2023-08-01,2023,8,2,Category A,636,616,908,100000
2023-08-01,2023,8,2,Category B,478,451,731,129890
2023-08-01,2023,8,2,Category C,114,114,180,82801
2023-08-01,2023,8,2,Category D,495,486,654,11402
2023-08-01,2023,8,2,Category E,131,107,237,131000
2023-09-01,2023,9,1,Category A,645,640,840,101000
2023-09-01,2023,9,1,Category B,470,466,723,134889
2023-09-01,2023,9,1,Category C,115,115,182,82889
2023-09-01,2023,9,1,Category D,573,569,758,10901
2023-09-01,2023,9,1,Category E,130,120,219,137000
2023-09-01,2023,9,2,Category A,651,635,864,105000
2023-09-01,2023,9,2,Category B,496,494,735,140889
2023-09-01,2023,9,2,Category C,114,114,153,83801
2023-09-01,2023,9,2,Category D,502,494,639,10700
2023-09-01,2023,9,2,Category E,153,144,282,144640
2023-10-01,2023,10,1,Category A,785,779,"1,039",104000
2023-10-01,2023,10,1,Category B,474,472,643,146002
2023-10-01,2023,10,1,Category C,114,112,191,85900
2023-10-01,2023,10,1,Category D,497,494,661,10856
2023-10-01,2023,10,1,Category E,140,140,261,152000
2023-10-01,2023,10,2,Category A,797,791,"1,028",106000
2023-10-01,2023,10,2,Category B,472,458,623,150001
2023-10-01,2023,10,2,Category C,114,112,186,84790
2023-10-01,2023,10,2,Category D,502,474,632,11201
2023-10-01,2023,10,2,Category E,138,127,228,158004
2023-11-01,2023,11,1,Category A,924,915,1165,95689
2023-11-01,2023,11,1,Category B,636,631,830,110001
2023-11-01,2023,11,1,Category C,190,186,281,78001
2023-11-01,2023,11,1,Category D,520,512,630,10889
2023-11-01,2023,11,1,Category E,141,136,227,125011
2023-11-01,2023,11,2,Category A,925,925,1291,85001
2023-11-01,2023,11,2,Category B,648,638,1228,135336
2023-11-01,2023,11,2,Category C,190,186,368,73889
2023-11-01,2023,11,2,Category D,545,518,702,10001
2023-11-01,2023,11,2,Category E,151,144,323,135002
2023-12-01,2023,12,1,Category A,928,923,"1,233",88020
2023-12-01,2023,12,1,Category B,638,638,933,130100
2023-12-01,2023,12,1,Category C,193,188,346,71001
2023-12-01,2023,12,1,Category D,529,527,731,9858
2023-12-01,2023,12,1,Category E,145,136,287,133388
2023-12-01,2023,12,2,Category A,919,915,"1,166",85000
2023-12-01,2023,12,2,Category B,643,619,847,110001
2023-12-01,2023,12,2,Category C,192,189,359,69423
2023-12-01,2023,12,2,Category D,546,545,646,9002
2023-12-01,2023,12,2,Category E,147,147,228,118388
2024-01-01,2024,1,1,Category A,924,920,"1,184",65010
2024-01-01,2024,1,1,Category B,633,628,850,85010
2024-01-01,2024,1,1,Category C,193,192,340,67599
2024-01-01,2024,1,1,Category D,523,514,666,9114
2024-01-01,2024,1,1,Category E,149,140,263,106388
2024-01-01,2024,1,2,Category A,923,921,"1,880",81589
2024-01-01,2024,1,2,Category B,657,657,"1,308",112000
2024-01-01,2024,1,2,Category C,191,187,394,68001
2024-01-01,2024,1,2,Category D,520,491,615,9309
2024-01-01,2024,1,2,Category E,140,136,267,109004
2024-02-01,2024,2,1,Category A,938,910,"1,931",79000
2024-02-01,2024,2,1,Category B,655,596,"1,163",102338
2024-02-01,2024,2,1,Category C,196,191,366,72001
2024-02-01,2024,2,1,Category D,530,528,717,9290
2024-02-01,2024,2,1,Category E,163,159,305,100101
2024-02-01,2024,2,2,Category A,937,936,"1,909",76801
2024-02-01,2024,2,2,Category B,649,642,"1,034",97000
2024-02-01,2024,2,2,Category C,199,192,374,73001
2024-02-01,2024,2,2,Category D,548,548,689,8911
2024-02-01,2024,2,2,Category E,158,156,271,94006
2024-03-01,2024,3,1,Category A,963,923,"1,866",83000
2024-03-01,2024,3,1,Category B,708,704,"1,073",96010
2024-03-01,2024,3,1,Category C,200,198,303,75599
2024-03-01,2024,3,1,Category D,520,518,646,9400
2024-03-01,2024,3,1,Category E,159,150,282,95010
2024-03-01,2024,3,2,Category A,936,935,"1,922",85489
2024-03-01,2024,3,2,Category B,656,615,"1,066",96011
2024-03-01,2024,3,2,Category C,202,202,313,70112
2024-03-01,2024,3,2,Category D,521,516,629,9689
2024-03-01,2024,3,2,Category E,157,157,256,95856
2024-04-01,2024,4,1,Category A,975,970,"1,922",89000
2024-04-01,2024,4,1,Category B,653,645,"1,208",101334
2024-04-01,2024,4,1,Category C,197,196,365,67501
2024-04-01,2024,4,1,Category D,520,510,610,10000
2024-04-01,2024,4,1,Category E,164,161,333,101002
2024-04-01,2024,4,2,Category A,936,916,"1,390",94010
2024-04-01,2024,4,2,Category B,690,690,"1,008",102001
2024-04-01,2024,4,2,Category C,195,193,332,68502
2024-04-01,2024,4,2,Category D,522,514,625,9990
2024-04-01,2024,4,2,Category E,155,151,269,103249
2024-05-01,2024,5,1,Category A,968,968,"1,632",93604
2024-05-01,2024,5,1,Category B,666,638,"1,237",105002
2024-05-01,2024,5,1,Category C,206,181,350,70001
2024-05-01,2024,5,1,Category D,528,528,630,9503
2024-05-01,2024,5,1,Category E,177,169,317,104689
2024-05-01,2024,5,2,Category A,983,980,"1,444",92700
2024-05-01,2024,5,2,Category B,658,641,"1,099",105689
2024-05-01,2024,5,2,Category C,207,198,382,72001
2024-05-01,2024,5,2,Category D,526,523,604,9311
2024-05-01,2024,5,2,Category E,178,176,295,105002
2024-06-01,2024,6,1,Category A,962,957,"1,467",88200
2024-06-01,2024,6,1,Category B,685,671,974,100607
2024-06-01,2024,6,1,Category C,230,222,334,70589
2024-06-01,2024,6,1,Category D,519,519,628,8989
2024-06-01,2024,6,1,Category E,183,182,319,101600
2024-06-01,2024,6,2,Category A,966,955,"1,403",90889
2024-06-01,2024,6,2,Category B,674,670,"1,046",102334
2024-06-01,2024,6,2,Category C,214,206,291,69900
2024-06-01,2024,6,2,Category D,520,519,620,9002
2024-06-01,2024,6,2,Category E,177,175,301,100000
2024-07-01,2024,7,1,Category A,967,932,"1,429",91001
2024-07-01,2024,7,1,Category B,671,671,896,100901
2024-07-01,2024,7,1,Category C,214,213,325,70001
2024-07-01,2024,7,1,Category D,517,517,571,8900
2024-07-01,2024,7,1,Category E,176,170,309,100889
2024-07-01,2024,7,2,Category A,973,972,"1,342",91899
2024-07-01,2024,7,2,Category B,661,639,891,100000
2024-07-01,2024,7,2,Category C,214,214,355,70601
2024-07-01,2024,7,2,Category D,518,512,591,9089
2024-07-01,2024,7,2,Category E,177,177,300,100341
2024-08-01,2024,8,1,Category A,1013,"1,007","1,570",94289
2024-08-01,2024,8,1,Category B,663,662,"1,150",106101
2024-08-01,2024,8,1,Category C,218,218,312,71100
2024-08-01,2024,8,1,Category D,517,513,599,9601
2024-08-01,2024,8,1,Category E,178,175,322,105239
2024-08-01,2024,8,2,Category A,978,966,"1,314",93900
2024-08-01,2024,8,2,Category B,686,686,985,105889
2024-08-01,2024,8,2,Category C,216,215,333,72400
2024-08-01,2024,8,2,Category D,523,522,614,9310
2024-08-01,2024,8,2,Category E,173,168,350,106001
2024-09-01,2024,9,1,Category A,983,966,"1,308",96490
2024-09-01,2024,9,1,Category B,665,657,924,106300
2024-09-01,2024,9,1,Category C,216,215,324,74001
2024-09-01,2024,9,1,Category D,522,520,622,9801
2024-09-01,2024,9,1,Category E,176,166,388,106901
2024-09-01,2024,9,2,Category A,990,909,"1,377",98524
2024-09-01,2024,9,2,Category B,663,656,879,110001
2024-09-01,2024,9,2,Category C,217,212,318,74000
2024-09-01,2024,9,2,Category D,520,516,636,9900
2024-09-01,2024,9,2,Category E,177,173,383,113104
2024-10-01,2024,10,1,Category A,994,986,"1,604",103799
2024-10-01,2024,10,1,Category B,671,652,"1,084",116002
2024-10-01,2024,10,1,Category C,218,216,321,75009
2024-10-01,2024,10,1,Category D,520,519,604,10001
2024-10-01,2024,10,1,Category E,182,171,346,116000
2024-10-01,2024,10,2,Category A,1058,"1,048","1,499",102900
2024-10-01,2024,10,2,Category B,670,669,975,113890
2024-10-01,2024,10,2,Category C,222,222,337,72939
2024-10-01,2024,10,2,Category D,522,515,626,9589
2024-10-01,2024,10,2,Category E,177,177,327,114700
2024-11-01,2024,11,1,Category A,1040,"1,035","1,338",99889
2024-11-01,2024,11,1,Category B,696,683,"1,039",108001
2024-11-01,2024,11,1,Category C,236,209,365,68340
2024-11-01,2024,11,1,Category D,520,520,598,9089
2024-11-01,2024,11,1,Category E,189,189,321,109000
2024-11-01,2024,11,2,Category A,1041,"1,038","1,320",89889
2024-11-01,2024,11,2,Category B,678,678,874,105081
2024-11-01,2024,11,2,Category C,235,214,378,69000
2024-11-01,2024,11,2,Category D,524,524,637,8669
2024-11-01,2024,11,2,Category E,179,176,298,107501
2024-12-01,2024,12,1,Category A,1037,"1,034","1,475",94000
2024-12-01,2024,12,1,Category B,689,689,866,103010
2024-12-01,2024,12,1,Category C,262,249,418,70289
2024-12-01,2024,12,1,Category D,517,516,570,7878
2024-12-01,2024,12,1,Category E,179,167,326,104001
2024-12-01,2024,12,2,Category A,1035,998,"1,506",96000
2024-12-01,2024,12,2,Category B,676,667,987,109000
2024-12-01,2024,12,2,Category C,255,255,400,69890
2024-12-01,2024,12,2,Category D,519,504,641,8381
2024-12-01,2024,12,2,Category E,182,170,330,108992
2025-01-01,2025,1,1,Category A,1034,"1,034","1,381",93699
2025-01-01,2025,1,1,Category B,677,674,"1,266",121501
2025-01-01,2025,1,1,Category C,248,246,364,67891
2025-01-01,2025,1,1,Category D,520,513,595,9001
2025-01-01,2025,1,1,Category E,191,190,415,123000
2025-01-01,2025,1,2,Category A,1069,"1,058","1,484",93601
2025-01-01,2025,1,2,Category B,686,686,"1,071",116625
2025-01-01,2025,1,2,Category C,234,233,373,65476
2025-01-01,2025,1,2,Category D,536,530,651,7721
2025-01-01,2025,1,2,Category E,190,190,326,115112
2025-02-01,2025,2,1,Category A,1138,"1,132","1,446",85000
2025-02-01,2025,2,1,Category B,748,727,"1,007",111104
2025-02-01,2025,2,1,Category C,260,256,394,62506
2025-02-01,2025,2,1,Category D,524,523,718,8289
2025-02-01,2025,2,1,Category E,199,195,369,110000
2025-02-01,2025,2,2,Category A,1149,"1,149","2,290",92850
2025-02-01,2025,2,2,Category B,744,741,"1,135",109598
2025-02-01,2025,2,2,Category C,259,240,430,65189
2025-02-01,2025,2,2,Category D,524,517,645,8791
2025-02-01,2025,2,2,Category E,198,197,367,110002
2025-03-01,2025,3,1,Category A,1144,"1,144","2,034",92730
2025-03-01,2025,3,1,Category B,765,749,"1,208",113000
2025-03-01,2025,3,1,Category C,262,253,413,67001
2025-03-01,2025,3,1,Category D,519,519,624,9201
2025-03-01,2025,3,1,Category E,202,200,403,112901
2025-03-01,2025,3,2,Category A,1138,"1,137","1,951",94502
2025-03-01,2025,3,2,Category B,747,747,"1,196",116890
2025-03-01,2025,3,2,Category C,277,275,469,70089
2025-03-01,2025,3,2,Category D,525,525,626,9511
2025-03-01,2025,3,2,Category E,198,196,382,116991
2025-04-01,2025,4,1,Category A,1138,"1,122","2,162",97724
2025-04-01,2025,4,1,Category B,760,729,"1,200",117899
2025-04-01,2025,4,1,Category C,267,267,382,68782
2025-04-01,2025,4,1,Category D,517,515,603,9889
2025-04-01,2025,4,1,Category E,200,195,390,117002
2025-04-01,2025,4,2,Category A,1139,"1,124","2,121",99500
2025-04-01,2025,4,2,Category B,744,744,"1,098",117003
2025-04-01,2025,4,2,Category C,260,260,399,65001
2025-04-01,2025,4,2,Category D,519,518,660,9309
2025-04-01,2025,4,2,Category E,200,195,406,118001
2025-05-01,2025,5,1,Category A,1267,"1,244","2,240",103009
2025-05-01,2025,5,1,Category B,813,800,"1,210",119890
2025-05-01,2025,5,1,Category C,271,266,386,62590
2025-05-01,2025,5,1,Category D,536,532,676,8709
2025-05-01,2025,5,1,Category E,207,206,384,118889
2025-05-01,2025,5,2,Category A,1267,"1,265","1,915",102501
2025-05-01,2025,5,2,Category B,782,779,"1,093",116988
2025-05-01,2025,5,2,Category C,271,271,382,63189
2025-05-01,2025,5,2,Category D,534,532,655,8707
2025-05-01,2025,5,2,Category E,206,185,387,118010
2025-06-01,2025,6,1,Category A,1275,"1,274","1,691",96999
2025-06-01,2025,6,1,Category B,795,795,974,113000
2025-06-01,2025,6,1,Category C,276,256,386,62000
2025-06-01,2025,6,1,Category D,538,538,631,9000
2025-06-01,2025,6,1,Category E,202,191,363,113900
2025-06-01,2025,6,2,Category A,1254,"1,253","1,647",98124
2025-06-01,2025,6,2,Category B,784,781,"1,163",116670
2025-06-01,2025,6,2,Category C,271,270,393,65000
2025-06-01,2025,6,2,Category D,535,528,605,8600
2025-06-01,2025,6,2,Category E,223,214,399,116889
2025-07-01,2025,7,1,Category A,1253,"1,250","1,918",101102
2025-07-01,2025,7,1,Category B,781,781,"1,199",119600
2025-07-01,2025,7,1,Category C,291,275,432,66689
2025-07-01,2025,7,1,Category D,533,533,629,9389
2025-07-01,2025,7,1,Category E,212,207,384,118500
2025-07-01,2025,7,2,Category A,1253,"1,253","1,874",101102
2025-07-01,2025,7,2,Category B,784,782,"1,148",119101
2025-07-01,2025,7,2,Category C,271,271,405,68600
2025-07-01,2025,7,2,Category D,540,534,622,9511
2025-07-01,2025,7,2,Category E,211,210,431,120000
2025-08-01,2025,8,1,Category A,1268,"1,257","1,755",102009
2025-08-01,2025,8,1,Category B,789,789,"1,271",123498
2025-08-01,2025,8,1,Category C,290,281,422,70001
2025-08-01,2025,8,1,Category D,533,526,633,9189
2025-08-01,2025,8,1,Category E,261,261,511,122334
2025-08-01,2025,8,2,Category A,1264,"1,257","1,922",104524
2025-08-01,2025,8,2,Category B,792,789,"1,221",124400
2025-08-01,2025,8,2,Category C,273,271,472,72190
2025-08-01,2025,8,2,Category D,540,535,654,8809
2025-08-01,2025,8,2,Category E,257,257,491,125001
2025-09-01,2025,9,1,Category A,1275,"1,271","1,844",107889
2025-09-01,2025,9,1,Category B,790,750,"1,186",127501
2025-09-01,2025,9,1,Category C,283,282,401,71556
2025-09-01,2025,9,1,Category D,540,540,633,9101
2025-09-01,2025,9,1,Category E,256,254,489,127901
2025-09-01,2025,9,2,Category A,1272,"1,266","2,521",119003
2025-09-01,2025,9,2,Category B,792,772,"1,273",136890
2025-09-01,2025,9,2,Category C,276,274,413,72501
2025-09-01,2025,9,2,Category D,539,539,617,9209
2025-09-01,2025,9,2,Category E,256,252,540,140502
2025-10-01,2025,10,1,Category A,1268,"1,239","2,572",128105
2025-10-01,2025,10,1,Category B,830,828,"1,202",141000
2025-10-01,2025,10,1,Category C,274,273,424,74301
2025-10-01,2025,10,1,Category D,533,528,630,9810
2025-10-01,2025,10,1,Category E,259,251,472,140009
2025-10-01,2025,10,2,Category A,1270,"1,262","1,968",122000
2025-10-01,2025,10,2,Category B,809,800,977,131889
2025-10-01,2025,10,2,Category C,276,276,427,76801
2025-10-01,2025,10,2,Category D,533,528,598,9389
2025-10-01,2025,10,2,Category E,261,260,414,136000
2025-11-01,2025,11,1,Category A,1306,"1,303","1,682",110002
2025-11-01,2025,11,1,Category B,800,795,953,115001
2025-11-01,2025,11,1,Category C,283,279,434,76000
2025-11-01,2025,11,1,Category D,538,537,631,8600
2025-11-01,2025,11,1,Category E,282,266,467,121010
2025-11-01,2025,11,2,Category A,1285,"1,279","1,587",109000
2025-11-01,2025,11,2,Category B,806,765,"1,514",129890
2025-11-01,2025,11,2,Category C,282,278,406,76389
2025-11-01,2025,11,2,Category D,538,535,595,8729
2025-11-01,2025,11,2,Category E,276,275,466,125001
2025-12-01,2025,12,1,Category A,1280,"1,272","1,557",105413
2025-12-01,2025,12,1,Category B,802,775,"1,096",123900
2025-12-01,2025,12,1,Category C,286,281,370,76501
2025-12-01,2025,12,1,Category D,534,523,627,8289
2025-12-01,2025,12,1,Category E,291,288,544,123000
2025-12-01,2025,12,2,Category A,1283,"1,259","1,647",109501
2025-12-01,2025,12,2,Category B,838,832,968,115102
2025-12-01,2025,12,2,Category C,286,285,407,77003
2025-12-01,2025,12,2,Category D,536,532,632,8081
2025-12-01,2025,12,2,Category E,276,252,455,119000
2026-01-01,2026,1,1,Category A,1285,"1,284","1,658",102009
2026-01-01,2026,1,1,Category B,824,821,"1,128",119100
2026-01-01,2026,1,1,Category C,287,286,394,75503
2026-01-01,2026,1,1,Category D,544,527,639,8689
2026-01-01,2026,1,1,Category E,278,247,528,122000
2026-01-01,2026,1,2,Category A,1301,"1,277","2,303",109501
2026-01-01,2026,1,2,Category B,803,800,"1,207",121634
2026-01-01,2026,1,2,Category C,283,280,434,75202
2026-01-01,2026,1,2,Category D,538,523,609,8860
2026-01-01,2026,1,2,Category E,299,299,426,120891
